{
  "runtimeOptions": {
    "tfm": "net8.0",
    "frameworks": [
      {
        "name": "Microsoft.NETCore.App",
        "version": "8.0.0"
      },
      {
        "name": "Microsoft.WindowsDesktop.App",
        "version": "8.0.0"
      }
    ],
    "additionalProbingPaths": [
      "C:\\Users\\Gerald\\.dotnet\\store\\|arch|\\|tfm|",
      "C:\\Users\\Gerald\\.nuget\\packages",
      "C:\\Program Files (x86)\\Microsoft Visual Studio\\Shared\\NuGetPackages"
    ],
    "configProperties": {
      "System.Runtime.Serialization.EnableUnsafeBinaryFormatterSerialization": true,
      "CSWINRT_USE_WINDOWS_UI_XAML_PROJECTIONS": false,
      "Microsoft.NETCore.DotNetHostPolicy.SetAppPaths": true
    }
  }
}